Id,cycleName,distinctLanes,Radius,GridLength,Type,iterations,PhotonsDetected,cycleType,lanes,Photons,Milliseconds,PercentageTime,Percent
1,"[1,0]",2,0.1,10,B,10000,0,DYAD,0,0,9997,0.9997,0
1,"[1,0]",2,0.1,10,B,10000,0,DYAD,1,0,3,0.0003,0
2,"[1,0]",2,0.399,10,B,10000,0,DYAD,0,0,9949,0.9949,0
2,"[1,0]",2,0.399,10,B,10000,0,DYAD,1,0,51,0.0051,0
3,"[1,0]",2,0.698,10,B,10000,0,DYAD,0,0,9841,0.9841,0
3,"[1,0]",2,0.698,10,B,10000,0,DYAD,1,0,159,0.0159,0
4,"[1,0]",2,0.9969999999999999,10,B,10000,0,DYAD,0,0,9720,0.972,0
4,"[1,0]",2,0.9969999999999999,10,B,10000,0,DYAD,1,0,280,0.028,0
5,"[1,0]",2,1.2959999999999998,10,B,10000,0,DYAD,0,0,9483,0.9483,0
5,"[1,0]",2,1.2959999999999998,10,B,10000,0,DYAD,1,0,517,0.0517,0
6,"[1,0]",2,1.5949999999999998,10,B,10000,0,DYAD,0,0,9233,0.9233,0
6,"[1,0]",2,1.5949999999999998,10,B,10000,0,DYAD,1,0,767,0.0767,0
7,"[1,0]",2,1.8939999999999997,10,B,10000,100,DYAD,0,0,8891,0.8891,0
7,"[1,0]",2,1.8939999999999997,10,B,10000,100,DYAD,1,100,1109,0.1109,1
8,"[1,0]",2,2.1929999999999996,10,B,10000,100,DYAD,0,0,8480,0.848,0
8,"[1,0]",2,2.1929999999999996,10,B,10000,100,DYAD,1,100,1520,0.152,1
9,"[1,0]",2,2.4919999999999995,10,B,10000,100,DYAD,0,0,8040,0.804,0
9,"[1,0]",2,2.4919999999999995,10,B,10000,100,DYAD,1,100,1960,0.196,1
10,"[1,0]",2,2.7909999999999995,10,B,10000,200,DYAD,0,0,7525,0.7525,0
10,"[1,0]",2,2.7909999999999995,10,B,10000,200,DYAD,1,200,2475,0.2475,1
11,"[1,0]",2,3.0899999999999994,10,B,10000,300,DYAD,0,0,6979,0.6979,0
11,"[1,0]",2,3.0899999999999994,10,B,10000,300,DYAD,1,300,3021,0.3021,1
12,"[1,0]",2,3.3889999999999993,10,B,10000,300,DYAD,0,0,6370,0.637,0
12,"[1,0]",2,3.3889999999999993,10,B,10000,300,DYAD,1,300,3630,0.363,1
13,"[1,0]",2,3.6879999999999993,10,B,10000,400,DYAD,0,0,5742,0.5742,0
13,"[1,0]",2,3.6879999999999993,10,B,10000,400,DYAD,1,400,4258,0.4258,1
14,"[1,0]",2,3.986999999999999,10,B,10000,500,DYAD,0,0,4990,0.499,0
14,"[1,0]",2,3.986999999999999,10,B,10000,500,DYAD,1,500,5010,0.501,1
15,"[1,0]",2,4.286,10,B,10000,500,DYAD,0,0,4174,0.4174,0
15,"[1,0]",2,4.286,10,B,10000,500,DYAD,1,500,5826,0.5826,1
16,"[1,0]",2,4.585,10,B,10000,600,DYAD,0,0,3401,0.3401,0
16,"[1,0]",2,4.585,10,B,10000,600,DYAD,1,600,6599,0.6599,1
17,"[1,0]",2,4.884,10,B,10000,700,DYAD,0,0,2425,0.2425,0
17,"[1,0]",2,4.884,10,B,10000,700,DYAD,1,700,7575,0.7575,1
18,"[2,0]",3,5.183000000000001,10,B,10000,800,TRIAD,0,0,1667,0.1667,0
18,"[2,0]",3,5.183000000000001,10,B,10000,800,TRIAD,1,800,8202,0.8202,1
18,"[2,0]",3,5.183000000000001,10,B,10000,800,TRIAD,2,0,131,0.0131,0
19,"[2,0]",3,5.482000000000001,10,B,10000,900,TRIAD,0,0,1134,0.1134,0
19,"[2,0]",3,5.482000000000001,10,B,10000,900,TRIAD,1,800,8301,0.8301,0.8888888888888888
19,"[2,0]",3,5.482000000000001,10,B,10000,900,TRIAD,2,100,565,0.0565,0.1111111111111111
20,"[2,0]",3,5.7810000000000015,10,B,10000,1000,TRIAD,0,0,719,0.0719,0
20,"[2,0]",3,5.7810000000000015,10,B,10000,1000,TRIAD,1,800,8098,0.8098,0.8
20,"[2,0]",3,5.7810000000000015,10,B,10000,1000,TRIAD,2,200,1183,0.1183,0.2
21,"[2,0]",3,6.080000000000002,10,B,10000,1100,TRIAD,0,0,434,0.0434,0
21,"[2,0]",3,6.080000000000002,10,B,10000,1100,TRIAD,1,700,7531,0.7531,0.6363636363636364
21,"[2,0]",3,6.080000000000002,10,B,10000,1100,TRIAD,2,400,2035,0.2035,0.36363636363636365
22,"[2,0]",3,6.379000000000002,10,B,10000,1100,TRIAD,0,0,209,0.0209,0
22,"[2,0]",3,6.379000000000002,10,B,10000,1100,TRIAD,1,600,6833,0.6833,0.5454545454545454
22,"[2,0]",3,6.379000000000002,10,B,10000,1100,TRIAD,2,500,2958,0.2958,0.45454545454545453
23,"[2,0]",3,6.678000000000003,10,B,10000,1300,TRIAD,0,0,68,0.0068,0
23,"[2,0]",3,6.678000000000003,10,B,10000,1300,TRIAD,1,500,5863,0.5863,0.38461538461538464
23,"[2,0]",3,6.678000000000003,10,B,10000,1300,TRIAD,2,800,4069,0.4069,0.6153846153846154
24,"[2,0]",3,6.977000000000003,10,B,10000,1400,TRIAD,0,0,1,0.0001,0
24,"[2,0]",3,6.977000000000003,10,B,10000,1400,TRIAD,1,400,4654,0.4654,0.2857142857142857
24,"[2,0]",3,6.977000000000003,10,B,10000,1400,TRIAD,2,1000,5345,0.5345,0.7142857142857143
25,"[4,1]",4,7.276000000000003,10,B,10000,1500,QUAD,1,300,3470,0.347,0.2
25,"[4,1]",4,7.276000000000003,10,B,10000,1500,QUAD,2,1200,6346,0.6346,0.8
25,"[4,1]",4,7.276000000000003,10,B,10000,1500,QUAD,3,0,159,0.0159,0
25,"[4,1]",4,7.276000000000003,10,B,10000,1500,QUAD,4,0,25,0.0025,0
26,"[4,1]",4,7.575000000000004,10,B,10000,1600,QUAD,1,200,2636,0.2636,0.125
26,"[4,1]",4,7.575000000000004,10,B,10000,1600,QUAD,2,1300,6676,0.6676,0.8125
26,"[4,1]",4,7.575000000000004,10,B,10000,1600,QUAD,3,100,589,0.0589,0.0625
26,"[4,1]",4,7.575000000000004,10,B,10000,1600,QUAD,4,0,99,0.0099,0
27,"[4,1]",4,7.874000000000004,10,B,10000,1800,QUAD,1,200,2027,0.2027,0.1111111111111111
27,"[4,1]",4,7.874000000000004,10,B,10000,1800,QUAD,2,1300,6737,0.6737,0.7222222222222222
27,"[4,1]",4,7.874000000000004,10,B,10000,1800,QUAD,3,300,1010,0.101,0.16666666666666666
27,"[4,1]",4,7.874000000000004,10,B,10000,1800,QUAD,4,0,226,0.0226,0
28,"[4,1]",4,8.173000000000004,10,B,10000,1900,QUAD,1,100,1475,0.1475,0.05263157894736842
28,"[4,1]",4,8.173000000000004,10,B,10000,1900,QUAD,2,1300,6651,0.6651,0.6842105263157895
28,"[4,1]",4,8.173000000000004,10,B,10000,1900,QUAD,3,400,1430,0.143,0.21052631578947367
28,"[4,1]",4,8.173000000000004,10,B,10000,1900,QUAD,4,100,444,0.0444,0.05263157894736842
29,"[4,1]",4,8.472000000000003,10,B,10000,2100,QUAD,1,100,1011,0.1011,0.047619047619047616
29,"[4,1]",4,8.472000000000003,10,B,10000,2100,QUAD,2,1200,6221,0.6221,0.5714285714285714
29,"[4,1]",4,8.472000000000003,10,B,10000,2100,QUAD,3,600,2043,0.2043,0.2857142857142857
29,"[4,1]",4,8.472000000000003,10,B,10000,2100,QUAD,4,200,725,0.0725,0.09523809523809523
30,"[4,1]",4,8.771000000000003,10,B,10000,2200,QUAD,1,0,618,0.0618,0
30,"[4,1]",4,8.771000000000003,10,B,10000,2200,QUAD,2,1100,5740,0.574,0.5
30,"[4,1]",4,8.771000000000003,10,B,10000,2200,QUAD,3,700,2593,0.2593,0.3181818181818182
30,"[4,1]",4,8.771000000000003,10,B,10000,2200,QUAD,4,400,1049,0.1049,0.18181818181818182
31,"[4,1]",4,9.070000000000002,10,B,10000,2300,QUAD,1,0,382,0.0382,0
31,"[4,1]",4,9.070000000000002,10,B,10000,2300,QUAD,2,900,4837,0.4837,0.391304347826087
31,"[4,1]",4,9.070000000000002,10,B,10000,2300,QUAD,3,900,3302,0.3302,0.391304347826087
31,"[4,1]",4,9.070000000000002,10,B,10000,2300,QUAD,4,500,1479,0.1479,0.21739130434782608
32,"[4,1]",4,9.369000000000002,10,B,10000,2600,QUAD,1,0,181,0.0181,0
32,"[4,1]",4,9.369000000000002,10,B,10000,2600,QUAD,2,800,4046,0.4046,0.3076923076923077
32,"[4,1]",4,9.369000000000002,10,B,10000,2600,QUAD,3,1100,3848,0.3848,0.4230769230769231
32,"[4,1]",4,9.369000000000002,10,B,10000,2600,QUAD,4,700,1925,0.1925,0.2692307692307692
33,"[4,1]",4,9.668000000000001,10,B,10000,2700,QUAD,1,0,49,0.0049,0
33,"[4,1]",4,9.668000000000001,10,B,10000,2700,QUAD,2,500,2983,0.2983,0.18518518518518517
33,"[4,1]",4,9.668000000000001,10,B,10000,2700,QUAD,3,1300,4485,0.4485,0.48148148148148145
33,"[4,1]",4,9.668000000000001,10,B,10000,2700,QUAD,4,900,2483,0.2483,0.3333333333333333
34,"[4,1]",4,9.967,10,B,10000,2900,QUAD,1,0,1,0.0001,0
34,"[4,1]",4,9.967,10,B,10000,2900,QUAD,2,300,1826,0.1826,0.10344827586206896
34,"[4,1]",4,9.967,10,B,10000,2900,QUAD,3,1400,4949,0.4949,0.4827586206896552
34,"[4,1]",4,9.967,10,B,10000,2900,QUAD,4,1200,3224,0.3224,0.41379310344827586
35,"[5,2]",4,10.266,10,B,10000,3100,QUAD,2,100,941,0.0941,0.03225806451612903
35,"[5,2]",4,10.266,10,B,10000,3100,QUAD,3,1400,4995,0.4995,0.45161290322580644
35,"[5,2]",4,10.266,10,B,10000,3100,QUAD,4,1600,4037,0.4037,0.5161290322580645
35,"[5,2]",4,10.266,10,B,10000,3100,QUAD,5,0,27,0.0027,0
36,"[5,2]",4,10.565,10,B,10000,3200,QUAD,2,0,394,0.0394,0
36,"[5,2]",4,10.565,10,B,10000,3200,QUAD,3,1200,4245,0.4245,0.375
36,"[5,2]",4,10.565,10,B,10000,3200,QUAD,4,2000,5236,0.5236,0.625
36,"[5,2]",4,10.565,10,B,10000,3200,QUAD,5,0,125,0.0125,0
50,"[5,2]",4,10.863999999999999,10,B,10000,3500,QUAD,2,0,95,0.0095,0
50,"[5,2]",4,10.863999999999999,10,B,10000,3500,QUAD,3,800,2979,0.2979,0.22857142857142856
50,"[5,2]",4,10.863999999999999,10,B,10000,3500,QUAD,4,2600,6615,0.6615,0.7428571428571429
50,"[5,2]",4,10.863999999999999,10,B,10000,3500,QUAD,5,100,311,0.0311,0.02857142857142857
38,"[5,3]",3,11.162999999999998,10,B,10000,3800,TRIAD,3,400,1411,0.1411,0.10526315789473684
38,"[5,3]",3,11.162999999999998,10,B,10000,3800,TRIAD,4,3200,8054,0.8054,0.8421052631578947
38,"[5,3]",3,11.162999999999998,10,B,10000,3800,TRIAD,5,200,535,0.0535,0.05263157894736842
39,"[6,3]",4,11.461999999999998,10,B,10000,3900,QUAD,3,0,305,0.0305,0
39,"[6,3]",4,11.461999999999998,10,B,10000,3900,QUAD,4,3200,8141,0.8141,0.8205128205128205
39,"[6,3]",4,11.461999999999998,10,B,10000,3900,QUAD,5,700,1483,0.1483,0.1794871794871795
39,"[6,3]",4,11.461999999999998,10,B,10000,3900,QUAD,6,0,71,0.0071,0
40,"[6,3]",4,11.760999999999997,10,B,10000,4100,QUAD,3,0,2,0.0002,0
40,"[6,3]",4,11.760999999999997,10,B,10000,4100,QUAD,4,2700,6884,0.6884,0.6585365853658537
40,"[6,3]",4,11.760999999999997,10,B,10000,4100,QUAD,5,1300,2794,0.2794,0.3170731707317073
40,"[6,3]",4,11.760999999999997,10,B,10000,4100,QUAD,6,100,320,0.032,0.024390243902439025
41,"[6,4]",3,12.059999999999997,10,B,10000,4400,TRIAD,4,2000,5219,0.5219,0.45454545454545453
41,"[6,4]",3,12.059999999999997,10,B,10000,4400,TRIAD,5,1900,3824,0.3824,0.4318181818181818
41,"[6,4]",3,12.059999999999997,10,B,10000,4400,TRIAD,6,500,957,0.0957,0.11363636363636363
42,"[6,4]",3,12.358999999999996,10,B,10000,4600,TRIAD,4,1500,3985,0.3985,0.32608695652173914
42,"[6,4]",3,12.358999999999996,10,B,10000,4600,TRIAD,5,1900,3937,0.3937,0.41304347826086957
42,"[6,4]",3,12.358999999999996,10,B,10000,4600,TRIAD,6,1200,2078,0.2078,0.2608695652173913
43,"[7,4]",4,12.657999999999996,10,B,10000,4900,QUAD,4,1300,3368,0.3368,0.2653061224489796
43,"[7,4]",4,12.657999999999996,10,B,10000,4900,QUAD,5,1500,3043,0.3043,0.30612244897959184
43,"[7,4]",4,12.657999999999996,10,B,10000,4900,QUAD,6,2100,3544,0.3544,0.42857142857142855
43,"[7,4]",4,12.657999999999996,10,B,10000,4900,QUAD,7,0,45,0.0045,0
44,"[7,4]",4,12.956999999999995,10,B,10000,5200,QUAD,4,1100,2784,0.2784,0.21153846153846154
44,"[7,4]",4,12.956999999999995,10,B,10000,5200,QUAD,5,1100,2259,0.2259,0.21153846153846154
44,"[7,4]",4,12.956999999999995,10,B,10000,5200,QUAD,6,2700,4506,0.4506,0.5192307692307693
44,"[7,4]",4,12.956999999999995,10,B,10000,5200,QUAD,7,300,451,0.0451,0.057692307692307696
45,"[7,4]",4,13.255999999999995,10,B,10000,5300,QUAD,4,800,2233,0.2233,0.1509433962264151
45,"[7,4]",4,13.255999999999995,10,B,10000,5300,QUAD,5,700,1494,0.1494,0.1320754716981132
45,"[7,4]",4,13.255999999999995,10,B,10000,5300,QUAD,6,3000,5063,0.5063,0.5660377358490566
45,"[7,4]",4,13.255999999999995,10,B,10000,5300,QUAD,7,800,1210,0.121,0.1509433962264151
46,"[7,4]",4,13.554999999999994,10,B,10000,5500,QUAD,4,600,1746,0.1746,0.10909090909090909
46,"[7,4]",4,13.554999999999994,10,B,10000,5500,QUAD,5,500,1019,0.1019,0.09090909090909091
46,"[7,4]",4,13.554999999999994,10,B,10000,5500,QUAD,6,2900,4991,0.4991,0.5272727272727272
46,"[7,4]",4,13.554999999999994,10,B,10000,5500,QUAD,7,1500,2244,0.2244,0.2727272727272727
47,"[7,4]",4,13.853999999999994,10,B,10000,5800,QUAD,4,500,1305,0.1305,0.08620689655172414
47,"[7,4]",4,13.853999999999994,10,B,10000,5800,QUAD,5,300,653,0.0653,0.05172413793103448
47,"[7,4]",4,13.853999999999994,10,B,10000,5800,QUAD,6,2600,4471,0.4471,0.4482758620689655
47,"[7,4]",4,13.853999999999994,10,B,10000,5800,QUAD,7,2400,3571,0.3571,0.41379310344827586
48,"[8,4]",5,14.152999999999993,10,B,10000,6100,PENT,4,300,946,0.0946,0.04918032786885246
48,"[8,4]",5,14.152999999999993,10,B,10000,6100,PENT,5,200,463,0.0463,0.03278688524590164
48,"[8,4]",5,14.152999999999993,10,B,10000,6100,PENT,6,2000,3361,0.3361,0.32786885245901637
48,"[8,4]",5,14.152999999999993,10,B,10000,6100,PENT,7,3600,5227,0.5227,0.5901639344262295
48,"[8,4]",5,14.152999999999993,10,B,10000,6100,PENT,8,0,3,0.0003,0
37,"[9,4]",6,14.451999999999993,10,B,10000,6300,SEXO,4,200,607,0.0607,0.031746031746031744
37,"[9,4]",6,14.451999999999993,10,B,10000,6300,SEXO,5,100,302,0.0302,0.015873015873015872
37,"[9,4]",6,14.451999999999993,10,B,10000,6300,SEXO,6,1400,2473,0.2473,0.2222222222222222
37,"[9,4]",6,14.451999999999993,10,B,10000,6300,SEXO,7,4300,6162,0.6162,0.6825396825396826
37,"[9,4]",6,14.451999999999993,10,B,10000,6300,SEXO,8,300,416,0.0416,0.047619047619047616
37,"[9,4]",6,14.451999999999993,10,B,10000,6300,SEXO,9,0,40,0.004,0
49,"[9,4]",6,14.750999999999992,10,B,10000,6500,SEXO,4,100,389,0.0389,0.015384615384615385
49,"[9,4]",6,14.750999999999992,10,B,10000,6500,SEXO,5,0,160,0.016,0
49,"[9,4]",6,14.750999999999992,10,B,10000,6500,SEXO,6,800,1453,0.1453,0.12307692307692308
49,"[9,4]",6,14.750999999999992,10,B,10000,6500,SEXO,7,4700,6768,0.6768,0.7230769230769231
49,"[9,4]",6,14.750999999999992,10,B,10000,6500,SEXO,8,800,1076,0.1076,0.12307692307692308
49,"[9,4]",6,14.750999999999992,10,B,10000,6500,SEXO,9,100,154,0.0154,0.015384615384615385
51,"[9,4]",6,15.049999999999992,10,B,10000,6700,SEXO,4,0,209,0.0209,0
51,"[9,4]",6,15.049999999999992,10,B,10000,6700,SEXO,5,0,93,0.0093,0
51,"[9,4]",6,15.049999999999992,10,B,10000,6700,SEXO,6,300,630,0.063,0.04477611940298507
51,"[9,4]",6,15.049999999999992,10,B,10000,6700,SEXO,7,4700,6831,0.6831,0.7014925373134329
51,"[9,4]",6,15.049999999999992,10,B,10000,6700,SEXO,8,1500,1912,0.1912,0.22388059701492538
51,"[9,4]",6,15.049999999999992,10,B,10000,6700,SEXO,9,200,325,0.0325,0.029850746268656716
100,"[9,4]",6,15.348999999999991,10,B,10000,7200,SEXO,4,0,62,0.0062,0
100,"[9,4]",6,15.348999999999991,10,B,10000,7200,SEXO,5,0,32,0.0032,0
100,"[9,4]",6,15.348999999999991,10,B,10000,7200,SEXO,6,100,203,0.0203,0.013888888888888888
100,"[9,4]",6,15.348999999999991,10,B,10000,7200,SEXO,7,4000,5759,0.5759,0.5555555555555556
100,"[9,4]",6,15.348999999999991,10,B,10000,7200,SEXO,8,2600,3371,0.3371,0.3611111111111111
100,"[9,4]",6,15.348999999999991,10,B,10000,7200,SEXO,9,500,573,0.0573,0.06944444444444445
53,"[9,4]",6,15.64799999999999,10,B,10000,7500,SEXO,4,0,12,0.0012,0
53,"[9,4]",6,15.64799999999999,10,B,10000,7500,SEXO,5,0,3,0.0003,0
53,"[9,4]",6,15.64799999999999,10,B,10000,7500,SEXO,6,0,21,0.0021,0
53,"[9,4]",6,15.64799999999999,10,B,10000,7500,SEXO,7,2700,3918,0.3918,0.36
53,"[9,4]",6,15.64799999999999,10,B,10000,7500,SEXO,8,4100,5165,0.5165,0.5466666666666666
53,"[9,4]",6,15.64799999999999,10,B,10000,7500,SEXO,9,700,881,0.0881,0.09333333333333334
54,"[12,7]",6,15.94699999999999,10,B,10000,7800,SEXO,7,1100,1651,0.1651,0.14102564102564102
54,"[12,7]",6,15.94699999999999,10,B,10000,7800,SEXO,8,5400,6866,0.6866,0.6923076923076923
54,"[12,7]",6,15.94699999999999,10,B,10000,7800,SEXO,9,1300,1463,0.1463,0.16666666666666666
54,"[12,7]",6,15.94699999999999,10,B,10000,7800,SEXO,10,0,15,0.0015,0
54,"[12,7]",6,15.94699999999999,10,B,10000,7800,SEXO,11,0,2,0.0002,0
54,"[12,7]",6,15.94699999999999,10,B,10000,7800,SEXO,12,0,3,0.0003,0
55,"[12,7]",6,16.24599999999999,10,B,10000,8000,SEXO,7,300,532,0.0532,0.0375
55,"[12,7]",6,16.24599999999999,10,B,10000,8000,SEXO,8,5100,6466,0.6466,0.6375
55,"[12,7]",6,16.24599999999999,10,B,10000,8000,SEXO,9,2500,2796,0.2796,0.3125
55,"[12,7]",6,16.24599999999999,10,B,10000,8000,SEXO,10,100,127,0.0127,0.0125
55,"[12,7]",6,16.24599999999999,10,B,10000,8000,SEXO,11,0,24,0.0024,0
55,"[12,7]",6,16.24599999999999,10,B,10000,8000,SEXO,12,0,55,0.0055,0
56,"[12,7]",6,16.54499999999999,10,B,10000,8300,SEXO,7,0,40,0.004,0
56,"[12,7]",6,16.54499999999999,10,B,10000,8300,SEXO,8,3800,4840,0.484,0.4578313253012048
56,"[12,7]",6,16.54499999999999,10,B,10000,8300,SEXO,9,4000,4539,0.4539,0.4819277108433735
56,"[12,7]",6,16.54499999999999,10,B,10000,8300,SEXO,10,300,321,0.0321,0.03614457831325301
56,"[12,7]",6,16.54499999999999,10,B,10000,8300,SEXO,11,0,66,0.0066,0
56,"[12,7]",6,16.54499999999999,10,B,10000,8300,SEXO,12,200,194,0.0194,0.024096385542168676
57,"[12,8]",5,16.84399999999999,10,B,10000,8700,PENT,8,2200,2793,0.2793,0.25287356321839083
57,"[12,8]",5,16.84399999999999,10,B,10000,8700,PENT,9,5400,6042,0.6042,0.6206896551724138
57,"[12,8]",5,16.84399999999999,10,B,10000,8700,PENT,10,600,672,0.0672,0.06896551724137931
57,"[12,8]",5,16.84399999999999,10,B,10000,8700,PENT,11,100,122,0.0122,0.011494252873563218
57,"[12,8]",5,16.84399999999999,10,B,10000,8700,PENT,12,400,371,0.0371,0.04597701149425287
58,"[12,8]",5,17.14299999999999,10,B,10000,8900,PENT,8,1000,1338,0.1338,0.11235955056179775
58,"[12,8]",5,17.14299999999999,10,B,10000,8900,PENT,9,5700,6414,0.6414,0.6404494382022472
58,"[12,8]",5,17.14299999999999,10,B,10000,8900,PENT,10,1400,1467,0.1467,0.15730337078651685
58,"[12,8]",5,17.14299999999999,10,B,10000,8900,PENT,11,200,198,0.0198,0.02247191011235955
58,"[12,8]",5,17.14299999999999,10,B,10000,8900,PENT,12,600,583,0.0583,0.06741573033707865
59,"[12,8]",5,17.44199999999999,10,B,10000,9300,PENT,8,300,418,0.0418,0.03225806451612903
59,"[12,8]",5,17.44199999999999,10,B,10000,9300,PENT,9,5000,5628,0.5628,0.5376344086021505
59,"[12,8]",5,17.44199999999999,10,B,10000,9300,PENT,10,2700,2746,0.2746,0.2903225806451613
59,"[12,8]",5,17.44199999999999,10,B,10000,9300,PENT,11,300,334,0.0334,0.03225806451612903
59,"[12,8]",5,17.44199999999999,10,B,10000,9300,PENT,12,1000,874,0.0874,0.10752688172043011
60,"[12,8]",5,17.74099999999999,10,B,10000,9600,PENT,8,0,74,0.0074,0
60,"[12,8]",5,17.74099999999999,10,B,10000,9600,PENT,9,3500,3961,0.3961,0.3645833333333333
60,"[12,8]",5,17.74099999999999,10,B,10000,9600,PENT,10,4200,4271,0.4271,0.4375
60,"[12,8]",5,17.74099999999999,10,B,10000,9600,PENT,11,400,426,0.0426,0.041666666666666664
60,"[12,8]",5,17.74099999999999,10,B,10000,9600,PENT,12,1500,1268,0.1268,0.15625
61,"[12,9]",4,18.03999999999999,10,B,10000,10100,QUAD,9,1700,1905,0.1905,0.16831683168316833
61,"[12,9]",4,18.03999999999999,10,B,10000,10100,QUAD,10,5600,5629,0.5629,0.5544554455445545
61,"[12,9]",4,18.03999999999999,10,B,10000,10100,QUAD,11,800,799,0.0799,0.07920792079207921
61,"[12,9]",4,18.03999999999999,10,B,10000,10100,QUAD,12,2000,1667,0.1667,0.19801980198019803
62,"[12,9]",4,18.338999999999988,10,B,10000,10400,QUAD,9,1000,1125,0.1125,0.09615384615384616
62,"[12,9]",4,18.338999999999988,10,B,10000,10400,QUAD,10,4300,4366,0.4366,0.41346153846153844
62,"[12,9]",4,18.338999999999988,10,B,10000,10400,QUAD,11,2300,2155,0.2155,0.22115384615384615
62,"[12,9]",4,18.338999999999988,10,B,10000,10400,QUAD,12,2800,2354,0.2354,0.2692307692307692
63,"[13,9]",5,18.637999999999987,10,B,10000,10600,PENT,9,600,749,0.0749,0.05660377358490566
63,"[13,9]",5,18.637999999999987,10,B,10000,10600,PENT,10,3200,3246,0.3246,0.3018867924528302
63,"[13,9]",5,18.637999999999987,10,B,10000,10600,PENT,11,2600,2406,0.2406,0.24528301886792453
63,"[13,9]",5,18.637999999999987,10,B,10000,10600,PENT,12,3900,3333,0.3333,0.36792452830188677
63,"[13,9]",5,18.637999999999987,10,B,10000,10600,PENT,13,300,266,0.0266,0.02830188679245283
64,"[13,9]",5,18.936999999999987,10,B,10000,10900,PENT,9,400,468,0.0468,0.03669724770642202
64,"[13,9]",5,18.936999999999987,10,B,10000,10900,PENT,10,2200,2297,0.2297,0.2018348623853211
64,"[13,9]",5,18.936999999999987,10,B,10000,10900,PENT,11,2400,2265,0.2265,0.22018348623853212
64,"[13,9]",5,18.936999999999987,10,B,10000,10900,PENT,12,4600,3899,0.3899,0.42201834862385323
64,"[13,9]",5,18.936999999999987,10,B,10000,10900,PENT,13,1300,1071,0.1071,0.11926605504587157
65,"[14,9]",6,19.235999999999986,10,B,10000,11400,SEXO,9,200,241,0.0241,0.017543859649122806
65,"[14,9]",6,19.235999999999986,10,B,10000,11400,SEXO,10,1700,1740,0.174,0.14912280701754385
65,"[14,9]",6,19.235999999999986,10,B,10000,11400,SEXO,11,2000,1844,0.1844,0.17543859649122806
65,"[14,9]",6,19.235999999999986,10,B,10000,11400,SEXO,12,4500,3825,0.3825,0.39473684210526316
65,"[14,9]",6,19.235999999999986,10,B,10000,11400,SEXO,13,2900,2258,0.2258,0.2543859649122807
65,"[14,9]",6,19.235999999999986,10,B,10000,11400,SEXO,14,100,92,0.0092,0.008771929824561403
66,"[14,9]",6,19.534999999999986,10,B,10000,11600,SEXO,9,0,97,0.0097,0
66,"[14,9]",6,19.534999999999986,10,B,10000,11600,SEXO,10,1000,1098,0.1098,0.08620689655172414
66,"[14,9]",6,19.534999999999986,10,B,10000,11600,SEXO,11,1900,1788,0.1788,0.16379310344827586
66,"[14,9]",6,19.534999999999986,10,B,10000,11600,SEXO,12,4100,3443,0.3443,0.35344827586206895
66,"[14,9]",6,19.534999999999986,10,B,10000,11600,SEXO,13,3900,3061,0.3061,0.33620689655172414
66,"[14,9]",6,19.534999999999986,10,B,10000,11600,SEXO,14,700,513,0.0513,0.0603448275862069
67,"[14,9]",6,19.833999999999985,10,B,10000,12100,SEXO,9,0,10,0.001,0
67,"[14,9]",6,19.833999999999985,10,B,10000,12100,SEXO,10,500,518,0.0518,0.04132231404958678
67,"[14,9]",6,19.833999999999985,10,B,10000,12100,SEXO,11,1800,1727,0.1727,0.1487603305785124
67,"[14,9]",6,19.833999999999985,10,B,10000,12100,SEXO,12,3200,2675,0.2675,0.2644628099173554
67,"[14,9]",6,19.833999999999985,10,B,10000,12100,SEXO,13,4900,3840,0.384,0.4049586776859504
67,"[14,9]",6,19.833999999999985,10,B,10000,12100,SEXO,14,1700,1230,0.123,0.14049586776859505
68,"[14,10]",5,20.132999999999985,10,B,10000,12500,PENT,10,0,2,0.0002,0
68,"[14,10]",5,20.132999999999985,10,B,10000,12500,PENT,11,1600,1499,0.1499,0.128
68,"[14,10]",5,20.132999999999985,10,B,10000,12500,PENT,12,2200,1878,0.1878,0.176
68,"[14,10]",5,20.132999999999985,10,B,10000,12500,PENT,13,5600,4361,0.4361,0.448
68,"[14,10]",5,20.132999999999985,10,B,10000,12500,PENT,14,3100,2260,0.226,0.248
69,"[14,11]",4,20.431999999999984,10,B,10000,12900,QUAD,11,700,667,0.0667,0.05426356589147287
69,"[14,11]",4,20.431999999999984,10,B,10000,12900,QUAD,12,1600,1366,0.1366,0.12403100775193798
69,"[14,11]",4,20.431999999999984,10,B,10000,12900,QUAD,13,5300,4151,0.4151,0.4108527131782946
69,"[14,11]",4,20.431999999999984,10,B,10000,12900,QUAD,14,5300,3816,0.3816,0.4108527131782946
70,"[16,11]",6,20.730999999999984,10,B,10000,13200,SEXO,11,100,149,0.0149,0.007575757575757576
70,"[16,11]",6,20.730999999999984,10,B,10000,13200,SEXO,12,1000,878,0.0878,0.07575757575757576
70,"[16,11]",6,20.730999999999984,10,B,10000,13200,SEXO,13,4000,3142,0.3142,0.30303030303030304
70,"[16,11]",6,20.730999999999984,10,B,10000,13200,SEXO,14,7800,5593,0.5593,0.5909090909090909
70,"[16,11]",6,20.730999999999984,10,B,10000,13200,SEXO,15,300,215,0.0215,0.022727272727272728
70,"[16,11]",6,20.730999999999984,10,B,10000,13200,SEXO,16,0,23,0.0023,0
71,"[16,12]",5,21.029999999999983,10,B,10000,13700,PENT,12,200,189,0.0189,0.014598540145985401
71,"[16,12]",5,21.029999999999983,10,B,10000,13700,PENT,13,3100,2418,0.2418,0.22627737226277372
71,"[16,12]",5,21.029999999999983,10,B,10000,13700,PENT,14,8300,5940,0.594,0.6058394160583942
71,"[16,12]",5,21.029999999999983,10,B,10000,13700,PENT,15,1700,1179,0.1179,0.12408759124087591
71,"[16,12]",5,21.029999999999983,10,B,10000,13700,PENT,16,400,274,0.0274,0.029197080291970802
72,"[16,13]",4,21.328999999999983,10,B,10000,14100,QUAD,13,1100,848,0.0848,0.07801418439716312
72,"[16,13]",4,21.328999999999983,10,B,10000,14100,QUAD,14,8500,6116,0.6116,0.6028368794326241
72,"[16,13]",4,21.328999999999983,10,B,10000,14100,QUAD,15,3400,2288,0.2288,0.24113475177304963
72,"[16,13]",4,21.328999999999983,10,B,10000,14100,QUAD,16,1100,748,0.0748,0.07801418439716312
73,"[16,13]",4,21.627999999999982,10,B,10000,14400,QUAD,13,200,198,0.0198,0.013888888888888888
73,"[16,13]",4,21.627999999999982,10,B,10000,14400,QUAD,14,6200,4473,0.4473,0.4305555555555556
73,"[16,13]",4,21.627999999999982,10,B,10000,14400,QUAD,15,5200,3531,0.3531,0.3611111111111111
73,"[16,13]",4,21.627999999999982,10,B,10000,14400,QUAD,16,2800,1798,0.1798,0.19444444444444445
74,"[17,13]",5,21.926999999999982,10,B,10000,14900,PENT,13,0,52,0.0052,0
74,"[17,13]",5,21.926999999999982,10,B,10000,14900,PENT,14,3800,2779,0.2779,0.2550335570469799
74,"[17,13]",5,21.926999999999982,10,B,10000,14900,PENT,15,5200,3473,0.3473,0.348993288590604
74,"[17,13]",5,21.926999999999982,10,B,10000,14900,PENT,16,5500,3439,0.3439,0.3691275167785235
74,"[17,13]",5,21.926999999999982,10,B,10000,14900,PENT,17,400,257,0.0257,0.026845637583892617
75,"[17,13]",5,22.22599999999998,10,B,10000,15400,PENT,13,0,9,0.0009,0
75,"[17,13]",5,22.22599999999998,10,B,10000,15400,PENT,14,2000,1460,0.146,0.12987012987012986
75,"[17,13]",5,22.22599999999998,10,B,10000,15400,PENT,15,4600,3091,0.3091,0.2987012987012987
75,"[17,13]",5,22.22599999999998,10,B,10000,15400,PENT,16,6700,4191,0.4191,0.43506493506493504
75,"[17,13]",5,22.22599999999998,10,B,10000,15400,PENT,17,2100,1249,0.1249,0.13636363636363635
76,"[21,14]",8,22.52499999999998,10,B,10000,15600,OTHER,14,700,562,0.0562,0.04487179487179487
76,"[21,14]",8,22.52499999999998,10,B,10000,15600,OTHER,15,3400,2331,0.2331,0.21794871794871795
76,"[21,14]",8,22.52499999999998,10,B,10000,15600,OTHER,16,7300,4569,0.4569,0.46794871794871795
76,"[21,14]",8,22.52499999999998,10,B,10000,15600,OTHER,17,3500,2092,0.2092,0.22435897435897437
76,"[21,14]",8,22.52499999999998,10,B,10000,15600,OTHER,18,700,418,0.0418,0.04487179487179487
76,"[21,14]",8,22.52499999999998,10,B,10000,15600,OTHER,19,0,15,0.0015,0
76,"[21,14]",8,22.52499999999998,10,B,10000,15600,OTHER,20,0,1,0.0001,0
76,"[21,14]",8,22.52499999999998,10,B,10000,15600,OTHER,21,0,12,0.0012,0
77,"[21,14]",8,22.82399999999998,10,B,10000,15900,OTHER,14,100,122,0.0122,0.006289308176100629
77,"[21,14]",8,22.82399999999998,10,B,10000,15900,OTHER,15,2100,1451,0.1451,0.1320754716981132
77,"[21,14]",8,22.82399999999998,10,B,10000,15900,OTHER,16,8000,5046,0.5046,0.5031446540880503
77,"[21,14]",8,22.82399999999998,10,B,10000,15900,OTHER,17,3100,1840,0.184,0.1949685534591195
77,"[21,14]",8,22.82399999999998,10,B,10000,15900,OTHER,18,2300,1317,0.1317,0.14465408805031446
77,"[21,14]",8,22.82399999999998,10,B,10000,15900,OTHER,19,200,135,0.0135,0.012578616352201259
77,"[21,14]",8,22.82399999999998,10,B,10000,15900,OTHER,20,0,27,0.0027,0
77,"[21,14]",8,22.82399999999998,10,B,10000,15900,OTHER,21,100,62,0.0062,0.006289308176100629
78,"[21,15]",7,23.12299999999998,10,B,10000,16600,SEPT,15,800,545,0.0545,0.04819277108433735
78,"[21,15]",7,23.12299999999998,10,B,10000,16600,SEPT,16,7400,4646,0.4646,0.4457831325301205
78,"[21,15]",7,23.12299999999998,10,B,10000,16600,SEPT,17,3700,2186,0.2186,0.22289156626506024
78,"[21,15]",7,23.12299999999998,10,B,10000,16600,SEPT,18,3500,1983,0.1983,0.21084337349397592
78,"[21,15]",7,23.12299999999998,10,B,10000,16600,SEPT,19,700,381,0.0381,0.04216867469879518
78,"[21,15]",7,23.12299999999998,10,B,10000,16600,SEPT,20,100,57,0.0057,0.006024096385542169
78,"[21,15]",7,23.12299999999998,10,B,10000,16600,SEPT,21,400,202,0.0202,0.024096385542168676
79,"[21,15]",7,23.42199999999998,10,B,10000,16800,SEPT,15,0,57,0.0057,0
79,"[21,15]",7,23.42199999999998,10,B,10000,16800,SEPT,16,5500,3499,0.3499,0.3273809523809524
79,"[21,15]",7,23.42199999999998,10,B,10000,16800,SEPT,17,4100,2451,0.2451,0.24404761904761904
79,"[21,15]",7,23.42199999999998,10,B,10000,16800,SEPT,18,5100,2836,0.2836,0.30357142857142855
79,"[21,15]",7,23.42199999999998,10,B,10000,16800,SEPT,19,1200,643,0.0643,0.07142857142857142
79,"[21,15]",7,23.42199999999998,10,B,10000,16800,SEPT,20,200,142,0.0142,0.011904761904761904
79,"[21,15]",7,23.42199999999998,10,B,10000,16800,SEPT,21,700,372,0.0372,0.041666666666666664
80,"[21,16]",6,23.72099999999998,10,B,10000,17500,SEXO,16,3600,2252,0.2252,0.2057142857142857
80,"[21,16]",6,23.72099999999998,10,B,10000,17500,SEXO,17,3400,2018,0.2018,0.19428571428571428
80,"[21,16]",6,23.72099999999998,10,B,10000,17500,SEXO,18,7000,3890,0.389,0.4
80,"[21,16]",6,23.72099999999998,10,B,10000,17500,SEXO,19,1900,1024,0.1024,0.10857142857142857
80,"[21,16]",6,23.72099999999998,10,B,10000,17500,SEXO,20,300,196,0.0196,0.017142857142857144
80,"[21,16]",6,23.72099999999998,10,B,10000,17500,SEXO,21,1300,620,0.062,0.07428571428571429
81,"[21,16]",6,24.01999999999998,10,B,10000,17800,SEXO,16,2200,1425,0.1425,0.12359550561797752
81,"[21,16]",6,24.01999999999998,10,B,10000,17800,SEXO,17,1800,1109,0.1109,0.10112359550561797
81,"[21,16]",6,24.01999999999998,10,B,10000,17800,SEXO,18,8100,4521,0.4521,0.4550561797752809
81,"[21,16]",6,24.01999999999998,10,B,10000,17800,SEXO,19,3200,1717,0.1717,0.1797752808988764
81,"[21,16]",6,24.01999999999998,10,B,10000,17800,SEXO,20,600,321,0.0321,0.033707865168539325
81,"[21,16]",6,24.01999999999998,10,B,10000,17800,SEXO,21,1900,907,0.0907,0.10674157303370786
82,"[21,16]",6,24.318999999999978,10,B,10000,18400,SEXO,16,1200,766,0.0766,0.06521739130434782
82,"[21,16]",6,24.318999999999978,10,B,10000,18400,SEXO,17,800,517,0.0517,0.043478260869565216
82,"[21,16]",6,24.318999999999978,10,B,10000,18400,SEXO,18,7000,3896,0.3896,0.3804347826086957
82,"[21,16]",6,24.318999999999978,10,B,10000,18400,SEXO,19,5500,2916,0.2916,0.29891304347826086
82,"[21,16]",6,24.318999999999978,10,B,10000,18400,SEXO,20,1200,605,0.0605,0.06521739130434782
82,"[21,16]",6,24.318999999999978,10,B,10000,18400,SEXO,21,2700,1300,0.13,0.14673913043478262
83,"[21,16]",6,24.617999999999977,10,B,10000,18600,SEXO,16,500,373,0.0373,0.026881720430107527
83,"[21,16]",6,24.617999999999977,10,B,10000,18600,SEXO,17,300,215,0.0215,0.016129032258064516
83,"[21,16]",6,24.617999999999977,10,B,10000,18600,SEXO,18,4800,2704,0.2704,0.25806451612903225
83,"[21,16]",6,24.617999999999977,10,B,10000,18600,SEXO,19,7000,3736,0.3736,0.3763440860215054
83,"[21,16]",6,24.617999999999977,10,B,10000,18600,SEXO,20,2500,1295,0.1295,0.13440860215053763
83,"[21,16]",6,24.617999999999977,10,B,10000,18600,SEXO,21,3500,1677,0.1677,0.1881720430107527
84,"[21,16]",6,24.916999999999977,10,B,10000,19200,SEXO,16,100,110,0.011,0.005208333333333333
84,"[21,16]",6,24.916999999999977,10,B,10000,19200,SEXO,17,0,42,0.0042,0
84,"[21,16]",6,24.916999999999977,10,B,10000,19200,SEXO,18,2000,1148,0.1148,0.10416666666666667
84,"[21,16]",6,24.916999999999977,10,B,10000,19200,SEXO,19,8100,4272,0.4272,0.421875
84,"[21,16]",6,24.916999999999977,10,B,10000,19200,SEXO,20,4500,2259,0.2259,0.234375
84,"[21,16]",6,24.916999999999977,10,B,10000,19200,SEXO,21,4500,2169,0.2169,0.234375
85,"[22,16]",7,25.215999999999976,10,B,10000,19600,SEPT,16,0,24,0.0024,0
85,"[22,16]",7,25.215999999999976,10,B,10000,19600,SEPT,17,0,5,0.0005,0
85,"[22,16]",7,25.215999999999976,10,B,10000,19600,SEPT,18,200,133,0.0133,0.01020408163265306
85,"[22,16]",7,25.215999999999976,10,B,10000,19600,SEPT,19,5500,2943,0.2943,0.28061224489795916
85,"[22,16]",7,25.215999999999976,10,B,10000,19600,SEPT,20,8000,4027,0.4027,0.40816326530612246
85,"[22,16]",7,25.215999999999976,10,B,10000,19600,SEPT,21,5900,2833,0.2833,0.3010204081632653
85,"[22,16]",7,25.215999999999976,10,B,10000,19600,SEPT,22,0,35,0.0035,0
86,"[22,19]",4,25.514999999999976,10,B,10000,20300,QUAD,19,1100,620,0.062,0.054187192118226604
86,"[22,19]",4,25.514999999999976,10,B,10000,20300,QUAD,20,9500,4763,0.4763,0.46798029556650245
86,"[22,19]",4,25.514999999999976,10,B,10000,20300,QUAD,21,8500,4054,0.4054,0.4187192118226601
86,"[22,19]",4,25.514999999999976,10,B,10000,20300,QUAD,22,1200,563,0.0563,0.059113300492610835
87,"[24,20]",5,25.813999999999975,10,B,10000,20600,PENT,20,5400,2743,0.2743,0.2621359223300971
87,"[24,20]",5,25.813999999999975,10,B,10000,20600,PENT,21,10700,5141,0.5141,0.5194174757281553
87,"[24,20]",5,25.813999999999975,10,B,10000,20600,PENT,22,4500,2075,0.2075,0.21844660194174756
87,"[24,20]",5,25.813999999999975,10,B,10000,20600,PENT,23,0,15,0.0015,0
87,"[24,20]",5,25.813999999999975,10,B,10000,20600,PENT,24,0,26,0.0026,0
52,"[24,20]",5,26.112999999999975,10,B,10000,21100,PENT,20,2300,1193,0.1193,0.10900473933649289
52,"[24,20]",5,26.112999999999975,10,B,10000,21100,PENT,21,8900,4260,0.426,0.4218009478672986
52,"[24,20]",5,26.112999999999975,10,B,10000,21100,PENT,22,8700,3981,0.3981,0.41232227488151657
52,"[24,20]",5,26.112999999999975,10,B,10000,21100,PENT,23,800,378,0.0378,0.037914691943127965
52,"[24,20]",5,26.112999999999975,10,B,10000,21100,PENT,24,400,188,0.0188,0.018957345971563982
89,"[24,20]",5,26.411999999999974,10,B,10000,21600,PENT,20,700,391,0.0391,0.032407407407407406
89,"[24,20]",5,26.411999999999974,10,B,10000,21600,PENT,21,5600,2701,0.2701,0.25925925925925924
89,"[24,20]",5,26.411999999999974,10,B,10000,21600,PENT,22,11000,5045,0.5045,0.5092592592592593
89,"[24,20]",5,26.411999999999974,10,B,10000,21600,PENT,23,2500,1096,0.1096,0.11574074074074074
89,"[24,20]",5,26.411999999999974,10,B,10000,21600,PENT,24,1800,767,0.0767,0.08333333333333333
90,"[24,20]",5,26.710999999999974,10,B,10000,22300,PENT,20,100,51,0.0051,0.004484304932735426
90,"[24,20]",5,26.710999999999974,10,B,10000,22300,PENT,21,3000,1434,0.1434,0.13452914798206278
90,"[24,20]",5,26.710999999999974,10,B,10000,22300,PENT,22,10600,4833,0.4833,0.47533632286995514
90,"[24,20]",5,26.710999999999974,10,B,10000,22300,PENT,23,4000,1764,0.1764,0.17937219730941703
90,"[24,20]",5,26.710999999999974,10,B,10000,22300,PENT,24,4600,1918,0.1918,0.2062780269058296
91,"[26,21]",6,27.009999999999973,10,B,10000,22600,SEXO,21,1300,630,0.063,0.05752212389380531
91,"[26,21]",6,27.009999999999973,10,B,10000,22600,SEXO,22,7300,3356,0.3356,0.3230088495575221
91,"[26,21]",6,27.009999999999973,10,B,10000,22600,SEXO,23,5500,2415,0.2415,0.24336283185840707
91,"[26,21]",6,27.009999999999973,10,B,10000,22600,SEXO,24,8100,3397,0.3397,0.3584070796460177
91,"[26,21]",6,27.009999999999973,10,B,10000,22600,SEXO,25,400,193,0.0193,0.017699115044247787
91,"[26,21]",6,27.009999999999973,10,B,10000,22600,SEXO,26,0,9,0.0009,0
92,"[26,21]",6,27.308999999999973,10,B,10000,23100,SEXO,21,700,372,0.0372,0.030303030303030304
92,"[26,21]",6,27.308999999999973,10,B,10000,23100,SEXO,22,4500,2086,0.2086,0.19480519480519481
92,"[26,21]",6,27.308999999999973,10,B,10000,23100,SEXO,23,4600,2007,0.2007,0.19913419913419914
92,"[26,21]",6,27.308999999999973,10,B,10000,23100,SEXO,24,9800,4121,0.4121,0.42424242424242425
92,"[26,21]",6,27.308999999999973,10,B,10000,23100,SEXO,25,3000,1206,0.1206,0.12987012987012986
92,"[26,21]",6,27.308999999999973,10,B,10000,23100,SEXO,26,500,208,0.0208,0.021645021645021644
93,"[26,21]",6,27.607999999999972,10,B,10000,23600,SEXO,21,300,186,0.0186,0.012711864406779662
93,"[26,21]",6,27.607999999999972,10,B,10000,23600,SEXO,22,3200,1457,0.1457,0.13559322033898305
93,"[26,21]",6,27.607999999999972,10,B,10000,23600,SEXO,23,3000,1338,0.1338,0.1271186440677966
93,"[26,21]",6,27.607999999999972,10,B,10000,23600,SEXO,24,8800,3685,0.3685,0.3728813559322034
93,"[26,21]",6,27.607999999999972,10,B,10000,23600,SEXO,25,6000,2429,0.2429,0.2542372881355932
93,"[26,21]",6,27.607999999999972,10,B,10000,23600,SEXO,26,2300,905,0.0905,0.09745762711864407
94,"[27,21]",7,27.90699999999997,10,B,10000,24100,SEPT,21,100,65,0.0065,0.004149377593360996
94,"[27,21]",7,27.90699999999997,10,B,10000,24100,SEPT,22,1900,875,0.0875,0.07883817427385892
94,"[27,21]",7,27.90699999999997,10,B,10000,24100,SEPT,23,2800,1225,0.1225,0.11618257261410789
94,"[27,21]",7,27.90699999999997,10,B,10000,24100,SEPT,24,7100,2993,0.2993,0.2946058091286307
94,"[27,21]",7,27.90699999999997,10,B,10000,24100,SEPT,25,5500,2239,0.2239,0.22821576763485477
94,"[27,21]",7,27.90699999999997,10,B,10000,24100,SEPT,26,6100,2355,0.2355,0.25311203319502074
94,"[27,21]",7,27.90699999999997,10,B,10000,24100,SEPT,27,600,248,0.0248,0.024896265560165973
95,"[28,21]",8,28.20599999999997,10,B,10000,24700,OTHER,21,0,2,0.0002,0
95,"[28,21]",8,28.20599999999997,10,B,10000,24700,OTHER,22,500,232,0.0232,0.020242914979757085
95,"[28,21]",8,28.20599999999997,10,B,10000,24700,OTHER,23,2500,1113,0.1113,0.10121457489878542
95,"[28,21]",8,28.20599999999997,10,B,10000,24700,OTHER,24,6400,2668,0.2668,0.2591093117408907
95,"[28,21]",8,28.20599999999997,10,B,10000,24700,OTHER,25,4000,1625,0.1625,0.16194331983805668
95,"[28,21]",8,28.20599999999997,10,B,10000,24700,OTHER,26,8400,3238,0.3238,0.340080971659919
95,"[28,21]",8,28.20599999999997,10,B,10000,24700,OTHER,27,2600,993,0.0993,0.10526315789473684
95,"[28,21]",8,28.20599999999997,10,B,10000,24700,OTHER,28,300,129,0.0129,0.012145748987854251
96,"[28,23]",6,28.50499999999997,10,B,10000,25200,SEXO,23,1300,592,0.0592,0.051587301587301584
96,"[28,23]",6,28.50499999999997,10,B,10000,25200,SEXO,24,5300,2238,0.2238,0.21031746031746032
96,"[28,23]",6,28.50499999999997,10,B,10000,25200,SEXO,25,3200,1306,0.1306,0.12698412698412698
96,"[28,23]",6,28.50499999999997,10,B,10000,25200,SEXO,26,8600,3311,0.3311,0.3412698412698413
96,"[28,23]",6,28.50499999999997,10,B,10000,25200,SEXO,27,5100,1915,0.1915,0.20238095238095238
96,"[28,23]",6,28.50499999999997,10,B,10000,25200,SEXO,28,1700,638,0.0638,0.06746031746031746
97,"[28,23]",6,28.80399999999997,10,B,10000,25700,SEXO,23,200,109,0.0109,0.007782101167315175
97,"[28,23]",6,28.80399999999997,10,B,10000,25700,SEXO,24,4400,1865,0.1865,0.17120622568093385
97,"[28,23]",6,28.80399999999997,10,B,10000,25700,SEXO,25,2500,1015,0.1015,0.09727626459143969
97,"[28,23]",6,28.80399999999997,10,B,10000,25700,SEXO,26,8300,3229,0.3229,0.3229571984435798
97,"[28,23]",6,28.80399999999997,10,B,10000,25700,SEXO,27,5700,2116,0.2116,0.22178988326848248
97,"[28,23]",6,28.80399999999997,10,B,10000,25700,SEXO,28,4600,1666,0.1666,0.17898832684824903
98,"[28,24]",5,29.10299999999997,10,B,10000,26400,PENT,24,2000,852,0.0852,0.07575757575757576
98,"[28,24]",5,29.10299999999997,10,B,10000,26400,PENT,25,2500,1027,0.1027,0.0946969696969697
98,"[28,24]",5,29.10299999999997,10,B,10000,26400,PENT,26,7900,3051,0.3051,0.29924242424242425
98,"[28,24]",5,29.10299999999997,10,B,10000,26400,PENT,27,3900,1461,0.1461,0.14772727272727273
98,"[28,24]",5,29.10299999999997,10,B,10000,26400,PENT,28,10100,3609,0.3609,0.38257575757575757
99,"[32,24]",9,29.40199999999997,10,B,10000,26700,OTHER,24,400,199,0.0199,0.0149812734082397
99,"[32,24]",9,29.40199999999997,10,B,10000,26700,OTHER,25,1400,561,0.0561,0.052434456928838954
99,"[32,24]",9,29.40199999999997,10,B,10000,26700,OTHER,26,7400,2884,0.2884,0.27715355805243447
99,"[32,24]",9,29.40199999999997,10,B,10000,26700,OTHER,27,3200,1191,0.1191,0.1198501872659176
99,"[32,24]",9,29.40199999999997,10,B,10000,26700,OTHER,28,11800,4236,0.4236,0.4419475655430712
99,"[32,24]",9,29.40199999999997,10,B,10000,26700,OTHER,29,2400,839,0.0839,0.0898876404494382
99,"[32,24]",9,29.40199999999997,10,B,10000,26700,OTHER,30,100,66,0.0066,0.003745318352059925
99,"[32,24]",9,29.40199999999997,10,B,10000,26700,OTHER,31,0,6,0.0006,0
99,"[32,24]",9,29.40199999999997,10,B,10000,26700,OTHER,32,0,18,0.0018,0
88,"[32,24]",9,29.70099999999997,10,B,10000,27500,OTHER,24,0,1,0.0001,0
88,"[32,24]",9,29.70099999999997,10,B,10000,27500,OTHER,25,200,82,0.0082,0.007272727272727273
88,"[32,24]",9,29.70099999999997,10,B,10000,27500,OTHER,26,5300,2041,0.2041,0.19272727272727272
88,"[32,24]",9,29.70099999999997,10,B,10000,27500,OTHER,27,4400,1640,0.164,0.16
88,"[32,24]",9,29.70099999999997,10,B,10000,27500,OTHER,28,10400,3730,0.373,0.3781818181818182
88,"[32,24]",9,29.70099999999997,10,B,10000,27500,OTHER,29,6100,2104,0.2104,0.22181818181818183
88,"[32,24]",9,29.70099999999997,10,B,10000,27500,OTHER,30,700,263,0.0263,0.025454545454545455
88,"[32,24]",9,29.70099999999997,10,B,10000,27500,OTHER,31,100,34,0.0034,0.0036363636363636364
88,"[32,24]",9,29.70099999999997,10,B,10000,27500,OTHER,32,300,105,0.0105,0.01090909090909091
101,"[32,26]",7,29.999999999999968,10,B,10000,27900,SEPT,26,1300,530,0.053,0.04659498207885305
101,"[32,26]",7,29.999999999999968,10,B,10000,27900,SEPT,27,4700,1748,0.1748,0.16845878136200718
101,"[32,26]",7,29.999999999999968,10,B,10000,27900,SEPT,28,10200,3661,0.3661,0.3655913978494624
101,"[32,26]",7,29.999999999999968,10,B,10000,27900,SEPT,29,9000,3105,0.3105,0.3225806451612903
101,"[32,26]",7,29.999999999999968,10,B,10000,27900,SEPT,30,1800,618,0.0618,0.06451612903225806
101,"[32,26]",7,29.999999999999968,10,B,10000,27900,SEPT,31,200,93,0.0093,0.007168458781362007
101,"[32,26]",7,29.999999999999968,10,B,10000,27900,SEPT,32,700,245,0.0245,0.025089605734767026
